Tao Yang, student# 040926874 Contribution 50%


1)	List the author id and name plus the books they’re written (title_id, title) and the books publisher name. 
Include authors that haven’t written a book, and books that haven’t been published. 
Note: You will need to insert values in some tables to confirm your query is correct – include the insertions as part of your solution.


SQL> select authors.Au_id, Fname, Lname, titles.title_id, title, publishers.pub_name from authors 
full outer join author_titles on  authors.au_id = author_titles.au_id 
full outer join titles on author_titles.title_id = titles.title_id 
full outer join publishers on publishers.Pub_id = Titles.Pub_id;

AU_ FNAME           LNAME           TIT TITLE                                    PUB_NAME
--- --------------- --------------- --- ---------------------------------------- --------------------
A01 Sarah           Buchman         T01 1977!                                    Abatis Publishers
A01 Sarah           Buchman         T02 200 Years of German Humor                Schadenfreude Press
A05 Christian       Kells           T03 Ask Your System Administrator            Core Dump Books
A03 Hallie          Hull            T04 But I Did It Unconsciously               Tenterhooks Press
A04 Klee            Hull            T04 But I Did It Unconsciously               Tenterhooks Press
A04 Klee            Hull            T05 Exchange of Platitudes                   Tenterhooks Press
A02 Wendy           Heydemark       T06 How About Never?                         Abatis Publishers
A02 Wendy           Heydemark       T07 I Blame My Mother                        Schadenfreude Press
A04 Klee            Hull            T07 I Blame My Mother                        Schadenfreude Press
A06                 Kellsey         T08 Just Wait Until After School             Tenterhooks Press
A06                 Kellsey         T09 Kiss My Boo-Boo                          Tenterhooks Press

AU_ FNAME           LNAME           TIT TITLE                                    PUB_NAME
--- --------------- --------------- --- ---------------------------------------- --------------------
A02 Wendy           Heydemark       T10 Not Without My Faberge Egg
A03 Hallie          Hull            T11 Perhaps It's a Glandular Problem         Tenterhooks Press
A04 Klee            Hull            T11 Perhaps It's a Glandular Problem         Tenterhooks Press
A06                 Kellsey         T11 Perhaps It's a Glandular Problem         Tenterhooks Press
A02 Wendy           Heydemark       T12 Spontaneous, Not Annoying                Abatis Publishers
A01 Sarah           Buchman         T13 What Are The Civilian Applications?      Schadenfreude Press
A07 Paddy           O'Furniture

18 rows selected.


SQL> insert into titles values  ('T14','What Are The 14th wave?','technology', 814, 14.99, 10414, '','01-Feb-14',200014, 0.14);
SQL> insert INTO author_TITLES values ('T14','A07',1,1.0);

SQL> select authors.Au_id, Fname, Lname, titles.title_id, title, publishers.pub_name from authors 
full outer join author_titles on  authors.au_id = author_titles.au_id 
full outer join titles on author_titles.title_id = titles.title_id 
full outer join publishers on publishers.Pub_id = Titles.Pub_id;

AU_ FNAME           LNAME           TIT TITLE                                    PUB_NAME
--- --------------- --------------- --- ---------------------------------------- --------------------
A01 Sarah           Buchman         T01 1977!                                    Abatis Publishers
A01 Sarah           Buchman         T02 200 Years of German Humor                Schadenfreude Press
A05 Christian       Kells           T03 Ask Your System Administrator            Core Dump Books
A03 Hallie          Hull            T04 But I Did It Unconsciously               Tenterhooks Press
A04 Klee            Hull            T04 But I Did It Unconsciously               Tenterhooks Press
A04 Klee            Hull            T05 Exchange of Platitudes                   Tenterhooks Press
A02 Wendy           Heydemark       T06 How About Never?                         Abatis Publishers
A02 Wendy           Heydemark       T07 I Blame My Mother                        Schadenfreude Press
A04 Klee            Hull            T07 I Blame My Mother                        Schadenfreude Press
A06                 Kellsey         T08 Just Wait Until After School             Tenterhooks Press
A06                 Kellsey         T09 Kiss My Boo-Boo                          Tenterhooks Press

AU_ FNAME           LNAME           TIT TITLE                                    PUB_NAME
--- --------------- --------------- --- ---------------------------------------- --------------------
A02 Wendy           Heydemark       T10 Not Without My Faberge Egg
A03 Hallie          Hull            T11 Perhaps It's a Glandular Problem         Tenterhooks Press
A04 Klee            Hull            T11 Perhaps It's a Glandular Problem         Tenterhooks Press
A06                 Kellsey         T11 Perhaps It's a Glandular Problem         Tenterhooks Press
A02 Wendy           Heydemark       T12 Spontaneous, Not Annoying                Abatis Publishers
A01 Sarah           Buchman         T13 What Are The Civilian Applications?      Schadenfreude Press
A07 Paddy           O'Furniture     T14 What Are The 14th wave?

18 rows selected.

SQL>



2)	 List the author id and name of the author that has written the most books in each genre. 
Note: Insert data that identifies a new genre (i.e., ‘Fantasy’) and 3 authors (‘AF1’, ‘AF2’, ‘AF3’) that write Fantasy books (‘F01’, ‘F02’, ‘F03’).





3)	List the pub_id, pub_name, number of books it has published by each genre, the total revenue it has earned for each genre, 
the total revenue it has earned (i.e., for all genre) for the two most recent years (combined) of data;





4)	Create a materialized view involving a multi-table join and a subquery. 
Use this subquery to display grouped data. Show a rowid, the object_id and the data_object_id of the materialized view. 
Translate the rowid into its 4 components and confirm it matches the object_id. 
Identify the referenced  logical file /tablespace and location physical dbf identity/location. 
